function,lean_name,source,lines,spec_theorem,extracted,verified,notes,ai-proveable
curve25519_dalek::backend::serial::curve_models::{curve25519_dalek::traits::Identity for curve25519_dalek::backend::serial::curve_models::ProjectivePoint}::identity,curve25519_dalek.IdentityCurveModelsProjectivePoint.identity,curve25519-dalek/src/backend/serial/curve_models/mod.rs,L231-L237,Curve25519Dalek/Specs/Backend/Serial/CurveModels/ProjectivePoint/Identity.lean,extracted,verified,,
curve25519_dalek::montgomery::{curve25519_dalek::traits::Identity for curve25519_dalek::montgomery::ProjectivePoint}::identity,curve25519_dalek.IdentityMontgomeryProjectivePoint.identity,curve25519-dalek/src/montgomery.rs,L297-L302,Curve25519Dalek/Specs/Montgomery/ProjectivePoint/Identity.lean,extracted,verified,,
curve25519_dalek::backend::serial::curve_models::{core::ops::arith::Neg<curve25519_dalek::backend::serial::curve_models::AffineNielsPoint> for &0 (curve25519_dalek::backend::serial::curve_models::AffineNielsPoint)}::neg,curve25519_dalek.Shared0AffineNielsPoint.Insts.CoreOpsArithNegAffineNielsPoint.neg,curve25519-dalek/src/backend/serial/curve_models/mod.rs,L525-L531,Curve25519Dalek/Specs/Backend/Serial/CurveModels/AffineNielsPoint/Neg.lean,extracted,verified,,
"curve25519_dalek::backend::serial::curve_models::{core::ops::arith::Add<&'a (curve25519_dalek::backend::serial::curve_models::AffineNielsPoint), curve25519_dalek::backend::serial::curve_models::CompletedPoint> for &1 (curve25519_dalek::edwards::EdwardsPoint)}::add",curve25519_dalek.Shared0EdwardsPoint.Insts.CoreOpsArithAddSharedAAffineNielsPointCompletedPoint.add,curve25519-dalek/src/backend/serial/curve_models/mod.rs,L459-L473,Curve25519Dalek/Specs/Backend/Serial/CurveModels/AffineNielsPoint/Add.lean,extracted,verified,,
"curve25519_dalek::edwards::{core::ops::arith::Add<&'a (curve25519_dalek::edwards::EdwardsPoint), curve25519_dalek::edwards::EdwardsPoint> for &1 (curve25519_dalek::edwards::EdwardsPoint)}::add",curve25519_dalek.Shared0EdwardsPoint.Insts.CoreOpsArithAddSharedAEdwardsPointEdwardsPoint.add,curve25519-dalek/src/edwards.rs,L756-L758,,extracted,,,
"curve25519_dalek::backend::serial::curve_models::{core::ops::arith::Add<&'a (curve25519_dalek::backend::serial::curve_models::ProjectiveNielsPoint), curve25519_dalek::backend::serial::curve_models::CompletedPoint> for &1 (curve25519_dalek::edwards::EdwardsPoint)}::add",curve25519_dalek.Shared0EdwardsPoint.Insts.CoreOpsArithAddSharedAProjectiveNielsPointCompletedPoint.add,curve25519-dalek/src/backend/serial/curve_models/mod.rs,L415-L430,Curve25519Dalek/Specs/Backend/Serial/CurveModels/CompletedPoint/Add.lean,extracted,verified,,
"curve25519_dalek::edwards::{core::ops::arith::Mul<&'a (curve25519_dalek::scalar::Scalar), curve25519_dalek::edwards::EdwardsPoint> for &1 (curve25519_dalek::edwards::EdwardsPoint)}::mul",curve25519_dalek.Shared0EdwardsPoint.Insts.CoreOpsArithMulSharedAScalarEdwardsPoint.mul,curve25519-dalek/src/edwards.rs,L855-L857,Curve25519Dalek/Specs/Edwards/EdwardsPoint/Mul.lean,extracted,specified,,
curve25519_dalek::edwards::{core::ops::arith::Neg<curve25519_dalek::edwards::EdwardsPoint> for &0 (curve25519_dalek::edwards::EdwardsPoint)}::neg,curve25519_dalek.Shared0EdwardsPoint.Insts.CoreOpsArithNegEdwardsPoint.neg,curve25519-dalek/src/edwards.rs,L815-L822,,extracted,,,
"curve25519_dalek::backend::serial::curve_models::{core::ops::arith::Sub<&'a (curve25519_dalek::backend::serial::curve_models::AffineNielsPoint), curve25519_dalek::backend::serial::curve_models::CompletedPoint> for &1 (curve25519_dalek::edwards::EdwardsPoint)}::sub",curve25519_dalek.Shared0EdwardsPoint.Insts.CoreOpsArithSubSharedAAffineNielsPointCompletedPoint.sub,curve25519-dalek/src/backend/serial/curve_models/mod.rs,L480-L494,Curve25519Dalek/Specs/Backend/Serial/CurveModels/AffineNielsPoint/Sub.lean,extracted,verified,,
"curve25519_dalek::edwards::{core::ops::arith::Sub<&'a (curve25519_dalek::edwards::EdwardsPoint), curve25519_dalek::edwards::EdwardsPoint> for &1 (curve25519_dalek::edwards::EdwardsPoint)}::sub",curve25519_dalek.Shared0EdwardsPoint.Insts.CoreOpsArithSubSharedAEdwardsPointEdwardsPoint.sub,curve25519-dalek/src/edwards.rs,L777-L779,,extracted,,,
"curve25519_dalek::backend::serial::curve_models::{core::ops::arith::Sub<&'a (curve25519_dalek::backend::serial::curve_models::ProjectiveNielsPoint), curve25519_dalek::backend::serial::curve_models::CompletedPoint> for &1 (curve25519_dalek::edwards::EdwardsPoint)}::sub",curve25519_dalek.Shared0EdwardsPoint.Insts.CoreOpsArithSubSharedAProjectiveNielsPointCompletedPoint.sub,curve25519-dalek/src/backend/serial/curve_models/mod.rs,L437-L452,Curve25519Dalek/Specs/Backend/Serial/CurveModels/ProjectiveNielsPoint/Sub.lean,extracted,verified,,
"curve25519_dalek::backend::serial::u64::field::{core::ops::arith::Add<&'a (curve25519_dalek::backend::serial::u64::field::FieldElement51), curve25519_dalek::backend::serial::u64::field::FieldElement51> for &1 (curve25519_dalek::backend::serial::u64::field::FieldElement51)}::add",curve25519_dalek.Shared0FieldElement51.Insts.CoreOpsArithAddSharedAFieldElement51FieldElement51.add,curve25519-dalek/src/backend/serial/u64/field.rs,L70-L74,Curve25519Dalek/Specs/Backend/Serial/U64/Field/FieldElement51/Add.lean,extracted,verified,,
"curve25519_dalek::backend::serial::u64::field::{core::ops::arith::Mul<&'a (curve25519_dalek::backend::serial::u64::field::FieldElement51), curve25519_dalek::backend::serial::u64::field::FieldElement51> for &1 (curve25519_dalek::backend::serial::u64::field::FieldElement51)}::mul",curve25519_dalek.Shared0FieldElement51.Insts.CoreOpsArithMulSharedAFieldElement51FieldElement51.mul,curve25519-dalek/src/backend/serial/u64/field.rs,L117-L215,Curve25519Dalek/Specs/Backend/Serial/U64/Field/FieldElement51/Mul.lean,extracted,verified,,
curve25519_dalek::backend::serial::u64::field::{core::ops::arith::Neg<curve25519_dalek::backend::serial::u64::field::FieldElement51> for &0 (curve25519_dalek::backend::serial::u64::field::FieldElement51)}::neg,curve25519_dalek.Shared0FieldElement51.Insts.CoreOpsArithNegFieldElement51.neg,curve25519-dalek/src/backend/serial/u64/field.rs,L220-L224,Curve25519Dalek/Specs/Backend/Serial/U64/Field/FieldElement51/Neg.lean,extracted,verified,,
"curve25519_dalek::backend::serial::u64::field::{core::ops::arith::Sub<&'a (curve25519_dalek::backend::serial::u64::field::FieldElement51), curve25519_dalek::backend::serial::u64::field::FieldElement51> for &1 (curve25519_dalek::backend::serial::u64::field::FieldElement51)}::sub",curve25519_dalek.Shared0FieldElement51.Insts.CoreOpsArithSubSharedAFieldElement51FieldElement51.sub,curve25519-dalek/src/backend/serial/u64/field.rs,L86-L103,Curve25519Dalek/Specs/Backend/Serial/U64/Field/FieldElement51/Sub.lean,extracted,verified,,
curve25519_dalek::backend::serial::curve_models::{core::ops::arith::Neg<curve25519_dalek::backend::serial::curve_models::ProjectiveNielsPoint> for &0 (curve25519_dalek::backend::serial::curve_models::ProjectiveNielsPoint)}::neg,curve25519_dalek.Shared0ProjectiveNielsPoint.Insts.CoreOpsArithNegProjectiveNielsPoint.neg,curve25519-dalek/src/backend/serial/curve_models/mod.rs,L504-L511,Curve25519Dalek/Specs/Backend/Serial/CurveModels/ProjectiveNielsPoint/Neg.lean,extracted,verified,,
"curve25519_dalek::ristretto::{core::ops::arith::Add<&'a (curve25519_dalek::ristretto::RistrettoPoint), curve25519_dalek::ristretto::RistrettoPoint> for &1 (curve25519_dalek::ristretto::RistrettoPoint)}::add",curve25519_dalek.Shared0RistrettoPoint.Insts.CoreOpsArithAddSharedARistrettoPointRistrettoPoint.add,curve25519-dalek/src/ristretto.rs,L890-L892,Curve25519Dalek/Specs/Ristretto/RistrettoPoint/Add.lean,extracted,verified,,
"curve25519_dalek::ristretto::{core::ops::arith::Mul<&'a (curve25519_dalek::scalar::Scalar), curve25519_dalek::ristretto::RistrettoPoint> for &1 (curve25519_dalek::ristretto::RistrettoPoint)}::mul",curve25519_dalek.Shared0RistrettoPoint.Insts.CoreOpsArithMulSharedAScalarRistrettoPoint.mul,curve25519-dalek/src/ristretto.rs,L969-L971,Curve25519Dalek/Specs/Ristretto/RistrettoPoint/Mul.lean,extracted,verified,,
"curve25519_dalek::ristretto::{core::ops::arith::Sub<&'a (curve25519_dalek::ristretto::RistrettoPoint), curve25519_dalek::ristretto::RistrettoPoint> for &1 (curve25519_dalek::ristretto::RistrettoPoint)}::sub",curve25519_dalek.Shared0RistrettoPoint.Insts.CoreOpsArithSubSharedARistrettoPointRistrettoPoint.sub,curve25519-dalek/src/ristretto.rs,L912-L914,,extracted,,,
"curve25519_dalek::scalar::{core::ops::arith::Add<&'a (curve25519_dalek::scalar::Scalar), curve25519_dalek::scalar::Scalar> for &1 (curve25519_dalek::scalar::Scalar)}::add",curve25519_dalek.Shared0Scalar.Insts.CoreOpsArithAddSharedAScalarScalar.add,curve25519-dalek/src/scalar.rs,L343-L347,,extracted,,,
"curve25519_dalek::edwards::{core::ops::arith::Mul<&'a (curve25519_dalek::edwards::EdwardsPoint), curve25519_dalek::edwards::EdwardsPoint> for &1 (curve25519_dalek::scalar::Scalar)}::mul",curve25519_dalek.Shared0Scalar.Insts.CoreOpsArithMulSharedAEdwardsPointEdwardsPoint.mul,curve25519-dalek/src/edwards.rs,L867-L869,Curve25519Dalek/Specs/Edwards/EdwardsPoint/Mul.lean,extracted,verified,,
"curve25519_dalek::ristretto::{core::ops::arith::Mul<&'a (curve25519_dalek::ristretto::RistrettoPoint), curve25519_dalek::ristretto::RistrettoPoint> for &1 (curve25519_dalek::scalar::Scalar)}::mul",curve25519_dalek.Shared0Scalar.Insts.CoreOpsArithMulSharedARistrettoPointRistrettoPoint.mul,curve25519-dalek/src/ristretto.rs,L978-L980,Curve25519Dalek/Specs/Ristretto/RistrettoPoint/Mul.lean,extracted,verified,,
"curve25519_dalek::scalar::{core::ops::arith::Mul<&'a (curve25519_dalek::scalar::Scalar), curve25519_dalek::scalar::Scalar> for &1 (curve25519_dalek::scalar::Scalar)}::mul",curve25519_dalek.Shared0Scalar.Insts.CoreOpsArithMulSharedAScalarScalar.mul,curve25519-dalek/src/scalar.rs,L325-L327,,extracted,,,
curve25519_dalek::scalar::{core::ops::arith::Neg<curve25519_dalek::scalar::Scalar> for &0 (curve25519_dalek::scalar::Scalar)}::neg,curve25519_dalek.Shared0Scalar.Insts.CoreOpsArithNegScalar.neg,curve25519-dalek/src/scalar.rs,L375-L379,,extracted,,,
"curve25519_dalek::scalar::{core::ops::arith::Sub<&'a (curve25519_dalek::scalar::Scalar), curve25519_dalek::scalar::Scalar> for &1 (curve25519_dalek::scalar::Scalar)}::sub",curve25519_dalek.Shared0Scalar.Insts.CoreOpsArithSubSharedAScalarScalar.sub,curve25519-dalek/src/scalar.rs,L363-L367,,extracted,,,
"curve25519_dalek::montgomery::{core::ops::arith::Mul<&0 (curve25519_dalek::scalar::Scalar), curve25519_dalek::montgomery::MontgomeryPoint> for &1 (curve25519_dalek::montgomery::MontgomeryPoint)}::mul",curve25519_dalek.Shared1MontgomeryPoint.Insts.CoreOpsArithMulShared0ScalarMontgomeryPoint.mul,curve25519-dalek/src/montgomery.rs,L414-L451,Curve25519Dalek/Specs/Montgomery/MontgomeryPoint/Mul.lean,extracted,verified,,
"curve25519_dalek::montgomery::{core::ops::arith::Mul<&0 (curve25519_dalek::montgomery::MontgomeryPoint), curve25519_dalek::montgomery::MontgomeryPoint> for &1 (curve25519_dalek::scalar::Scalar)}::mul",curve25519_dalek.Shared1Scalar.Insts.CoreOpsArithMulShared0MontgomeryPointMontgomeryPoint.mul,curve25519-dalek/src/montgomery.rs,L463-L465,Curve25519Dalek/Specs/Montgomery/MontgomeryPoint/Mul.lean,extracted,verified,,
curve25519_dalek::backend::serial::curve_models::{core::cmp::Eq for curve25519_dalek::backend::serial::curve_models::AffineNielsPoint}::assert_receiver_is_total_eq,curve25519_dalek.backend.serial.curve_models.AffineNielsPoint.Insts.CoreCmpEq.assert_receiver_is_total_eq,curve25519-dalek/src/backend/serial/curve_models/mod.rs,L182-L182,Curve25519Dalek/Specs/Backend/Serial/CurveModels/AffineNielsPoint/AssertReceiverIsTotalEq.lean,extracted,verified,,
curve25519_dalek::backend::serial::curve_models::{core::cmp::PartialEq<curve25519_dalek::backend::serial::curve_models::AffineNielsPoint> for curve25519_dalek::backend::serial::curve_models::AffineNielsPoint}::eq,curve25519_dalek.backend.serial.curve_models.AffineNielsPoint.Insts.CoreCmpPartialEqAffineNielsPoint.eq,curve25519-dalek/src/backend/serial/curve_models/mod.rs,L182-L182,Curve25519Dalek/Specs/Backend/Serial/CurveModels/AffineNielsPoint/Eq.lean,extracted,verified,,
curve25519_dalek::backend::serial::curve_models::{curve25519_dalek::traits::Identity for curve25519_dalek::backend::serial::curve_models::AffineNielsPoint}::identity,curve25519_dalek.backend.serial.curve_models.AffineNielsPoint.Insts.Curve25519_dalekTraitsIdentity.identity,curve25519-dalek/src/backend/serial/curve_models/mod.rs,L258-L264,Curve25519Dalek/Specs/Backend/Serial/CurveModels/AffineNielsPoint/Identity.lean,extracted,verified,,
curve25519_dalek::backend::serial::curve_models::{subtle::ConditionallySelectable for curve25519_dalek::backend::serial::curve_models::AffineNielsPoint}::conditional_assign,curve25519_dalek.backend.serial.curve_models.AffineNielsPoint.Insts.SubtleConditionallySelectable.conditional_assign,curve25519-dalek/src/backend/serial/curve_models/mod.rs,L323-L327,Curve25519Dalek/Specs/Backend/Serial/CurveModels/AffineNielsPoint/ConditionalAssign.lean,extracted,verified,,
curve25519_dalek::backend::serial::curve_models::{subtle::ConditionallySelectable for curve25519_dalek::backend::serial::curve_models::AffineNielsPoint}::conditional_select,curve25519_dalek.backend.serial.curve_models.AffineNielsPoint.Insts.SubtleConditionallySelectable.conditional_select,curve25519-dalek/src/backend/serial/curve_models/mod.rs,L315-L321,Curve25519Dalek/Specs/Backend/Serial/CurveModels/AffineNielsPoint/ConditionalSelect.lean,extracted,verified,,
curve25519_dalek::backend::serial::curve_models::{curve25519_dalek::backend::serial::curve_models::CompletedPoint}::as_extended,curve25519_dalek.backend.serial.curve_models.CompletedPoint.as_extended,curve25519-dalek/src/backend/serial/curve_models/mod.rs,L366-L373,Curve25519Dalek/Specs/Backend/Serial/CurveModels/CompletedPoint/AsExtended.lean,extracted,verified,,
curve25519_dalek::backend::serial::curve_models::{curve25519_dalek::backend::serial::curve_models::CompletedPoint}::as_projective,curve25519_dalek.backend.serial.curve_models.CompletedPoint.as_projective,curve25519-dalek/src/backend/serial/curve_models/mod.rs,L354-L360,Curve25519Dalek/Specs/Backend/Serial/CurveModels/CompletedPoint/AsProjective.lean,extracted,verified,,
curve25519_dalek::backend::serial::curve_models::{core::ops::arith::Neg<curve25519_dalek::backend::serial::curve_models::ProjectiveNielsPoint> for curve25519_dalek::backend::serial::curve_models::ProjectiveNielsPoint}::neg,curve25519_dalek.backend.serial.curve_models.ProjectiveNielsPoint.Insts.CoreOpsArithNegProjectiveNielsPoint.neg,curve25519-dalek/src/backend/serial/curve_models/mod.rs,L517-L519,,extracted,,,
curve25519_dalek::backend::serial::curve_models::{curve25519_dalek::traits::Identity for curve25519_dalek::backend::serial::curve_models::ProjectiveNielsPoint}::identity,curve25519_dalek.backend.serial.curve_models.ProjectiveNielsPoint.Insts.Curve25519_dalekTraitsIdentity.identity,curve25519-dalek/src/backend/serial/curve_models/mod.rs,L241-L248,Curve25519Dalek/Specs/Backend/Serial/CurveModels/ProjectiveNielsPoint/Identity.lean,extracted,verified,,
curve25519_dalek::backend::serial::curve_models::{subtle::ConditionallySelectable for curve25519_dalek::backend::serial::curve_models::ProjectiveNielsPoint}::conditional_assign,curve25519_dalek.backend.serial.curve_models.ProjectiveNielsPoint.Insts.SubtleConditionallySelectable.conditional_assign,curve25519-dalek/src/backend/serial/curve_models/mod.rs,L306-L311,Curve25519Dalek/Specs/Backend/Serial/CurveModels/ProjectiveNielsPoint/ConditionalAssign.lean,extracted,verified,,
curve25519_dalek::backend::serial::curve_models::{subtle::ConditionallySelectable for curve25519_dalek::backend::serial::curve_models::ProjectiveNielsPoint}::conditional_select,curve25519_dalek.backend.serial.curve_models.ProjectiveNielsPoint.Insts.SubtleConditionallySelectable.conditional_select,curve25519-dalek/src/backend/serial/curve_models/mod.rs,L297-L304,Curve25519Dalek/Specs/Backend/Serial/CurveModels/ProjectiveNielsPoint/ConditionalSelect.lean,extracted,verified,,
curve25519_dalek::backend::serial::curve_models::{curve25519_dalek::backend::serial::curve_models::ProjectivePoint}::as_extended,curve25519_dalek.backend.serial.curve_models.ProjectivePoint.as_extended,curve25519-dalek/src/backend/serial/curve_models/mod.rs,L339-L346,Curve25519Dalek/Specs/Backend/Serial/CurveModels/ProjectivePoint/AsExtended.lean,extracted,verified,,
curve25519_dalek::backend::serial::curve_models::{curve25519_dalek::backend::serial::curve_models::ProjectivePoint}::double,curve25519_dalek.backend.serial.curve_models.ProjectivePoint.double,curve25519-dalek/src/backend/serial/curve_models/mod.rs,L382-L398,Curve25519Dalek/Specs/Backend/Serial/CurveModels/ProjectivePoint/Double.lean,extracted,verified,,
curve25519_dalek::backend::serial::scalar_mul::variable_base::mul,curve25519_dalek.backend.serial.scalar_mul.variable_base.mul,curve25519-dalek/src/backend/serial/scalar_mul/variable_base.rs,L11-L51,,extracted,,,
curve25519_dalek::backend::serial::u64::constants::APLUS2_OVER_FOUR,curve25519_dalek.backend.serial.u64.constants.APLUS2_OVER_FOUR,curve25519-dalek/src/backend/serial/u64/constants.rs,L108-L109,,extracted,,,
curve25519_dalek::backend::serial::u64::constants::ED25519_BASEPOINT_POINT,curve25519_dalek.backend.serial.u64.constants.ED25519_BASEPOINT_POINT,curve25519-dalek/src/backend/serial/u64/constants.rs,L161-L184,Curve25519Dalek/Specs/Backend/Serial/U64/Constants/ED25519_BASEPOINT_POINT.lean,extracted,specified,,
curve25519_dalek::backend::serial::u64::constants::EDWARDS_D,curve25519_dalek.backend.serial.u64.constants.EDWARDS_D,curve25519-dalek/src/backend/serial/u64/constants.rs,L45-L51,Curve25519Dalek/Specs/Backend/Serial/U64/Constants/EDWARDS_D.lean,extracted,verified,,
curve25519_dalek::backend::serial::u64::constants::EDWARDS_D2,curve25519_dalek.backend.serial.u64.constants.EDWARDS_D2,curve25519-dalek/src/backend/serial/u64/constants.rs,L54-L60,Curve25519Dalek/Specs/Backend/Serial/U64/Constants/EDWARDS_D2.lean,extracted,verified,,theo - GPT-5-mini - 07/11/2025
curve25519_dalek::backend::serial::u64::constants::EDWARDS_D_MINUS_ONE_SQUARED,curve25519_dalek.backend.serial.u64.constants.EDWARDS_D_MINUS_ONE_SQUARED,curve25519-dalek/src/backend/serial/u64/constants.rs,L72-L78,Curve25519Dalek/Specs/Backend/Serial/U64/Constants/EDWARDS_D_MINUS_ONE_SQUARED.lean,extracted,verified,,
curve25519_dalek::backend::serial::u64::constants::EIGHT_TORSION,curve25519_dalek.backend.serial.u64.constants.EIGHT_TORSION,curve25519-dalek/src/backend/serial/u64/constants.rs,L194-L194,Curve25519Dalek/Specs/Backend/Serial/U64/Constants/EIGHT_TORSION.lean,extracted,specified,,
curve25519_dalek::backend::serial::u64::constants::EIGHT_TORSION_INNER_DOC_HIDDEN,curve25519_dalek.backend.serial.u64.constants.EIGHT_TORSION_INNER_DOC_HIDDEN,curve25519-dalek/src/backend/serial/u64/constants.rs,L198-L337,,extracted,,,
curve25519_dalek::backend::serial::u64::constants::INVSQRT_A_MINUS_D,curve25519_dalek.backend.serial.u64.constants.INVSQRT_A_MINUS_D,curve25519-dalek/src/backend/serial/u64/constants.rs,L90-L96,Curve25519Dalek/Specs/Backend/Serial/U64/Constants/INVSQRT_A_MINUS_D.lean,extracted,verified,,
curve25519_dalek::backend::serial::u64::constants::L,curve25519_dalek.backend.serial.u64.constants.L,curve25519-dalek/src/backend/serial/u64/constants.rs,L127-L133,Curve25519Dalek/Specs/Backend/Serial/U64/Constants/L.lean,extracted,verified,,
curve25519_dalek::backend::serial::u64::constants::LFACTOR,curve25519_dalek.backend.serial.u64.constants.LFACTOR,curve25519-dalek/src/backend/serial/u64/constants.rs,L136-L136,Curve25519Dalek/Specs/Backend/Serial/U64/Constants/LFACTOR.lean,extracted,verified,,theo - GPT-5-mini - 07/11/2025
curve25519_dalek::backend::serial::u64::constants::MINUS_ONE,curve25519_dalek.backend.serial.u64.constants.MINUS_ONE,curve25519-dalek/src/backend/serial/u64/constants.rs,L26-L32,Curve25519Dalek/Specs/Backend/Serial/U64/Constants/MINUS_ONE.lean,extracted,verified,,
curve25519_dalek::backend::serial::u64::constants::MONTGOMERY_A,curve25519_dalek.backend.serial.u64.constants.MONTGOMERY_A,curve25519-dalek/src/backend/serial/u64/constants.rs,L114-L114,Curve25519Dalek/Specs/Backend/Serial/U64/Constants/MONTGOMERY_A.lean,extracted,verified,,
curve25519_dalek::backend::serial::u64::constants::MONTGOMERY_A_NEG,curve25519_dalek.backend.serial.u64.constants.MONTGOMERY_A_NEG,curve25519-dalek/src/backend/serial/u64/constants.rs,L118-L124,Curve25519Dalek/Specs/Backend/Serial/U64/Constants/MONTGOMERY_A_NEG.lean,extracted,verified,,
curve25519_dalek::backend::serial::u64::constants::ONE_MINUS_EDWARDS_D_SQUARED,curve25519_dalek.backend.serial.u64.constants.ONE_MINUS_EDWARDS_D_SQUARED,curve25519-dalek/src/backend/serial/u64/constants.rs,L63-L69,Curve25519Dalek/Specs/Backend/Serial/U64/Constants/ONE_MINUS_EDWARDS_D_SQUARED.lean,extracted,verified,,
curve25519_dalek::backend::serial::u64::constants::R,curve25519_dalek.backend.serial.u64.constants.R,curve25519-dalek/src/backend/serial/u64/constants.rs,L139-L145,Curve25519Dalek/Specs/Backend/Serial/U64/Constants/R.lean,extracted,verified,,theo - GPT-5-mini - 07/11/2025
curve25519_dalek::backend::serial::u64::constants::RR,curve25519_dalek.backend.serial.u64.constants.RR,curve25519-dalek/src/backend/serial/u64/constants.rs,L148-L154,Curve25519Dalek/Specs/Backend/Serial/U64/Constants/RR.lean,extracted,verified,,
curve25519_dalek::backend::serial::u64::constants::SQRT_AD_MINUS_ONE,curve25519_dalek.backend.serial.u64.constants.SQRT_AD_MINUS_ONE,curve25519-dalek/src/backend/serial/u64/constants.rs,L81-L87,Curve25519Dalek/Specs/Backend/Serial/U64/Constants/SQRT_AD_MINUS_ONE.lean,extracted,verified,,
curve25519_dalek::backend::serial::u64::constants::SQRT_M1,curve25519_dalek.backend.serial.u64.constants.SQRT_M1,curve25519-dalek/src/backend/serial/u64/constants.rs,L99-L105,Curve25519Dalek/Specs/Backend/Serial/U64/Constants/SQRT_M1.lean,extracted,verified,,
curve25519_dalek::field::{core::cmp::PartialEq<curve25519_dalek::backend::serial::u64::field::FieldElement51> for curve25519_dalek::backend::serial::u64::field::FieldElement51}::eq,curve25519_dalek.backend.serial.u64.field.FieldElement51.Insts.CoreCmpPartialEqFieldElement51.eq,curve25519-dalek/src/field.rs,L86-L88,,extracted,,,
curve25519_dalek::backend::serial::u64::field::{core::ops::arith::AddAssign<&'a (curve25519_dalek::backend::serial::u64::field::FieldElement51)> for curve25519_dalek::backend::serial::u64::field::FieldElement51}::add_assign,curve25519_dalek.backend.serial.u64.field.FieldElement51.Insts.CoreOpsArithAddAssignSharedAFieldElement51.add_assign,curve25519-dalek/src/backend/serial/u64/field.rs,L59-L65,Curve25519Dalek/Specs/Backend/Serial/U64/Field/FieldElement51/AddAssign.lean,extracted,verified,,
curve25519_dalek::backend::serial::u64::field::{subtle::ConditionallySelectable for curve25519_dalek::backend::serial::u64::field::FieldElement51}::conditional_assign,curve25519_dalek.backend.serial.u64.field.FieldElement51.Insts.SubtleConditionallySelectable.conditional_assign,curve25519-dalek/src/backend/serial/u64/field.rs,L250-L256,Curve25519Dalek/Specs/Backend/Serial/U64/Field/FieldElement51/ConditionalAssign.lean,extracted,verified,,
curve25519_dalek::backend::serial::u64::field::{subtle::ConditionallySelectable for curve25519_dalek::backend::serial::u64::field::FieldElement51}::conditional_select,curve25519_dalek.backend.serial.u64.field.FieldElement51.Insts.SubtleConditionallySelectable.conditional_select,curve25519-dalek/src/backend/serial/u64/field.rs,L228-L240,Curve25519Dalek/Specs/Backend/Serial/U64/Field/FieldElement51/ConditionalSelect.lean,extracted,verified,,
curve25519_dalek::backend::serial::u64::field::{subtle::ConditionallySelectable for curve25519_dalek::backend::serial::u64::field::FieldElement51}::conditional_swap,curve25519_dalek.backend.serial.u64.field.FieldElement51.Insts.SubtleConditionallySelectable.conditional_swap,curve25519-dalek/src/backend/serial/u64/field.rs,L242-L248,,extracted,,,
curve25519_dalek::field::{subtle::ConstantTimeEq for curve25519_dalek::backend::serial::u64::field::FieldElement51}::ct_eq,curve25519_dalek.backend.serial.u64.field.FieldElement51.Insts.SubtleConstantTimeEq.ct_eq,curve25519-dalek/src/field.rs,L95-L97,Curve25519Dalek/Specs/Backend/Serial/U64/Field/FieldElement51/CtEq.lean,extracted,verified,,
curve25519_dalek::backend::serial::u64::field::{curve25519_dalek::backend::serial::u64::field::FieldElement51}::MINUS_ONE,curve25519_dalek.backend.serial.u64.field.FieldElement51.MINUS_ONE,curve25519-dalek/src/backend/serial/u64/field.rs,L269-L275,Curve25519Dalek/Specs/Backend/Serial/U64/Field/FieldElement51/MINUS_ONE.lean,extracted,verified,,theo - GPT-5-mini - 07/11/2025
curve25519_dalek::backend::serial::u64::field::{curve25519_dalek::backend::serial::u64::field::FieldElement51}::ONE,curve25519_dalek.backend.serial.u64.field.FieldElement51.ONE,curve25519-dalek/src/backend/serial/u64/field.rs,L267-L267,Curve25519Dalek/Specs/Backend/Serial/U64/Field/FieldElement51/ONE.lean,extracted,verified,,
curve25519_dalek::backend::serial::u64::field::{curve25519_dalek::backend::serial::u64::field::FieldElement51}::ZERO,curve25519_dalek.backend.serial.u64.field.FieldElement51.ZERO,curve25519-dalek/src/backend/serial/u64/field.rs,L265-L265,Curve25519Dalek/Specs/Backend/Serial/U64/Field/FieldElement51/ZERO.lean,extracted,verified,,
curve25519_dalek::backend::serial::u64::field::{curve25519_dalek::backend::serial::u64::field::FieldElement51}::as_bytes,curve25519_dalek.backend.serial.u64.field.FieldElement51.as_bytes,curve25519-dalek/src/backend/serial/u64/field.rs,L369-L371,Curve25519Dalek/Specs/Backend/Serial/U64/Field/FieldElement51/AsBytes.lean,extracted,verified,,theo - GPT-5-mini - 07/11/2025
curve25519_dalek::backend::serial::u64::field::{curve25519_dalek::backend::serial::u64::field::FieldElement51}::from_bytes,curve25519_dalek.backend.serial.u64.field.FieldElement51.from_bytes,curve25519-dalek/src/backend/serial/u64/field.rs,L340-L365,Curve25519Dalek/Specs/Backend/Serial/U64/Field/FieldElement51/FromBytes.lean,extracted,verified,,
curve25519_dalek::backend::serial::u64::field::{curve25519_dalek::backend::serial::u64::field::FieldElement51}::from_limbs,curve25519_dalek.backend.serial.u64.field.FieldElement51.from_limbs,curve25519-dalek/src/backend/serial/u64/field.rs,L260-L262,Curve25519Dalek/Specs/Backend/Serial/U64/Field/FieldElement51/FromLimbs.lean,extracted,verified,,theo - GPT-5-mini - 07/11/2025
curve25519_dalek::backend::serial::u64::field::{curve25519_dalek::backend::serial::u64::field::FieldElement51}::negate,curve25519_dalek.backend.serial.u64.field.FieldElement51.negate,curve25519-dalek/src/backend/serial/u64/field.rs,L278-L288,Curve25519Dalek/Specs/Backend/Serial/U64/Field/FieldElement51/Negate.lean,extracted,verified,,
curve25519_dalek::backend::serial::u64::field::{curve25519_dalek::backend::serial::u64::field::FieldElement51}::pow2k,curve25519_dalek.backend.serial.u64.field.FieldElement51.pow2k,curve25519-dalek/src/backend/serial/u64/field.rs,L462-L567,Curve25519Dalek/Specs/Backend/Serial/U64/Field/FieldElement51/Pow2K.lean,extracted,specified,,
curve25519_dalek::backend::serial::u64::field::{curve25519_dalek::backend::serial::u64::field::FieldElement51}::reduce,curve25519_dalek.backend.serial.u64.field.FieldElement51.reduce,curve25519-dalek/src/backend/serial/u64/field.rs,L292-L325,Curve25519Dalek/Specs/Backend/Serial/U64/Field/FieldElement51/Reduce.lean,extracted,verified,,
curve25519_dalek::backend::serial::u64::field::{curve25519_dalek::backend::serial::u64::field::FieldElement51}::square,curve25519_dalek.backend.serial.u64.field.FieldElement51.square,curve25519-dalek/src/backend/serial/u64/field.rs,L570-L572,Curve25519Dalek/Specs/Backend/Serial/U64/Field/FieldElement51/Square.lean,extracted,verified,,theo - GPT-5-mini - 07/11/2025
curve25519_dalek::backend::serial::u64::field::{curve25519_dalek::backend::serial::u64::field::FieldElement51}::square2,curve25519_dalek.backend.serial.u64.field.FieldElement51.square2,curve25519-dalek/src/backend/serial/u64/field.rs,L575-L584,Curve25519Dalek/Specs/Backend/Serial/U64/Field/FieldElement51/Square2.lean,extracted,verified,,
curve25519_dalek::backend::serial::u64::field::{curve25519_dalek::backend::serial::u64::field::FieldElement51}::to_bytes,curve25519_dalek.backend.serial.u64.field.FieldElement51.to_bytes,curve25519-dalek/src/backend/serial/u64/field.rs,L376-L458,Curve25519Dalek/Specs/Backend/Serial/U64/Field/FieldElement51/ToBytes.lean,extracted,specified,,
curve25519_dalek::backend::serial::u64::scalar::{curve25519_dalek::backend::serial::u64::scalar::Scalar52}::ZERO,curve25519_dalek.backend.serial.u64.scalar.Scalar52.ZERO,curve25519-dalek/src/backend/serial/u64/scalar.rs,L62-L62,Curve25519Dalek/Specs/Backend/Serial/U64/Scalar/Scalar52/Zero.lean,extracted,verified,,
curve25519_dalek::backend::serial::u64::scalar::{curve25519_dalek::backend::serial::u64::scalar::Scalar52}::add,curve25519_dalek.backend.serial.u64.scalar.Scalar52.add,curve25519-dalek/src/backend/serial/u64/scalar.rs,L177-L192,Curve25519Dalek/Specs/Backend/Serial/U64/Scalar/Scalar52/Add.lean,extracted,verified,,
curve25519_dalek::backend::serial::u64::scalar::{curve25519_dalek::backend::serial::u64::scalar::Scalar52}::as_montgomery,curve25519_dalek.backend.serial.u64.scalar.Scalar52.as_montgomery,curve25519-dalek/src/backend/serial/u64/scalar.rs,L338-L340,Curve25519Dalek/Specs/Backend/Serial/U64/Scalar/Scalar52/AsMontgomery.lean,extracted,verified,ü§ñüèÜüåàüéâ‚≠ê,theo
curve25519_dalek::backend::serial::u64::scalar::{curve25519_dalek::backend::serial::u64::scalar::Scalar52}::conditional_add_l,curve25519_dalek.backend.serial.u64.scalar.Scalar52.conditional_add_l,curve25519-dalek/src/backend/serial/u64/scalar.rs,L213-L226,Curve25519Dalek/Specs/Backend/Serial/U64/Scalar/Scalar52/ConditionalAddL.lean,extracted,verified,,
curve25519_dalek::backend::serial::u64::scalar::{curve25519_dalek::backend::serial::u64::scalar::Scalar52}::from_bytes,curve25519_dalek.backend.serial.u64.scalar.Scalar52.from_bytes,curve25519-dalek/src/backend/serial/u64/scalar.rs,L66-L93,Curve25519Dalek/Specs/Backend/Serial/U64/Scalar/Scalar52/FromBytes.lean,extracted,specified,,
curve25519_dalek::backend::serial::u64::scalar::{curve25519_dalek::backend::serial::u64::scalar::Scalar52}::from_bytes_wide,curve25519_dalek.backend.serial.u64.scalar.Scalar52.from_bytes_wide,curve25519-dalek/src/backend/serial/u64/scalar.rs,L97-L132,Curve25519Dalek/Specs/Backend/Serial/U64/Scalar/Scalar52/FromBytesWide.lean,extracted,specified,,
curve25519_dalek::backend::serial::u64::scalar::{curve25519_dalek::backend::serial::u64::scalar::Scalar52}::from_montgomery,curve25519_dalek.backend.serial.u64.scalar.Scalar52.from_montgomery,curve25519-dalek/src/backend/serial/u64/scalar.rs,L345-L353,Curve25519Dalek/Specs/Backend/Serial/U64/Scalar/Scalar52/FromMontgomery.lean,extracted,verified,,
curve25519_dalek::backend::serial::u64::scalar::{curve25519_dalek::backend::serial::u64::scalar::Scalar52}::montgomery_mul,curve25519_dalek.backend.serial.u64.scalar.Scalar52.montgomery_mul,curve25519-dalek/src/backend/serial/u64/scalar.rs,L326-L328,Curve25519Dalek/Specs/Backend/Serial/U64/Scalar/Scalar52/MontgomeryMul.lean,extracted,verified,,
curve25519_dalek::backend::serial::u64::scalar::{curve25519_dalek::backend::serial::u64::scalar::Scalar52}::montgomery_reduce,curve25519_dalek.backend.serial.u64.scalar.Scalar52.montgomery_reduce,curve25519-dalek/src/backend/serial/u64/scalar.rs,L274-L307,Curve25519Dalek/Specs/Backend/Serial/U64/Scalar/Scalar52/MontgomeryReduce.lean,extracted,specified,,
curve25519_dalek::backend::serial::u64::scalar::{curve25519_dalek::backend::serial::u64::scalar::Scalar52}::montgomery_square,curve25519_dalek.backend.serial.u64.scalar.Scalar52.montgomery_square,curve25519-dalek/src/backend/serial/u64/scalar.rs,L332-L334,Curve25519Dalek/Specs/Backend/Serial/U64/Scalar/Scalar52/MontgomerySquare.lean,extracted,verified,,
curve25519_dalek::backend::serial::u64::scalar::{curve25519_dalek::backend::serial::u64::scalar::Scalar52}::mul,curve25519_dalek.backend.serial.u64.scalar.Scalar52.mul,curve25519-dalek/src/backend/serial/u64/scalar.rs,L311-L314,,extracted,,,
curve25519_dalek::backend::serial::u64::scalar::{curve25519_dalek::backend::serial::u64::scalar::Scalar52}::mul_internal,curve25519_dalek.backend.serial.u64.scalar.Scalar52.mul_internal,curve25519-dalek/src/backend/serial/u64/scalar.rs,L231-L245,Curve25519Dalek/Specs/Backend/Serial/U64/Scalar/Scalar52/MulInternal.lean,extracted,verified,,
curve25519_dalek::backend::serial::u64::scalar::{curve25519_dalek::backend::serial::u64::scalar::Scalar52}::square,curve25519_dalek.backend.serial.u64.scalar.Scalar52.square,curve25519-dalek/src/backend/serial/u64/scalar.rs,L319-L322,,extracted,,,
curve25519_dalek::backend::serial::u64::scalar::{curve25519_dalek::backend::serial::u64::scalar::Scalar52}::square_internal,curve25519_dalek.backend.serial.u64.scalar.Scalar52.square_internal,curve25519-dalek/src/backend/serial/u64/scalar.rs,L250-L269,Curve25519Dalek/Specs/Backend/Serial/U64/Scalar/Scalar52/SquareInternal.lean,extracted,verified,,
curve25519_dalek::backend::serial::u64::scalar::{curve25519_dalek::backend::serial::u64::scalar::Scalar52}::sub,curve25519_dalek.backend.serial.u64.scalar.Scalar52.sub,curve25519-dalek/src/backend/serial/u64/scalar.rs,L195-L211,Curve25519Dalek/Specs/Backend/Serial/U64/Scalar/Scalar52/Sub.lean,extracted,verified,,
curve25519_dalek::backend::serial::u64::scalar::{curve25519_dalek::backend::serial::u64::scalar::Scalar52}::to_bytes,curve25519_dalek.backend.serial.u64.scalar.Scalar52.to_bytes,curve25519-dalek/src/backend/serial/u64/scalar.rs,L137-L174,Curve25519Dalek/Specs/Backend/Serial/U64/Scalar/Scalar52/ToBytes.lean,extracted,specified,,
curve25519_dalek::backend::serial::u64::scalar::m,curve25519_dalek.backend.serial.u64.scalar.m,curve25519-dalek/src/backend/serial/u64/scalar.rs,L56-L58,Curve25519Dalek/Specs/Backend/Serial/U64/Scalar/M.lean,extracted,verified,,
curve25519_dalek::backend::variable_base_mul,curve25519_dalek.backend.variable_base_mul,curve25519-dalek/src/backend/mod.rs,L253-L263,,extracted,,,
curve25519_dalek::constants::BASEPOINT_ORDER_PRIVATE,curve25519_dalek.constants.BASEPOINT_ORDER_PRIVATE,curve25519-dalek/src/constants.rs,L75-L81,,extracted,,,
curve25519_dalek::constants::RISTRETTO_BASEPOINT_POINT,curve25519_dalek.constants.RISTRETTO_BASEPOINT_POINT,curve25519-dalek/src/constants.rs,L66-L66,Curve25519Dalek/Specs/Constants/RISTRETTO_BASEPOINT_POINT.lean,extracted,specified,,
curve25519_dalek::edwards::{curve25519_dalek::traits::Identity for curve25519_dalek::edwards::CompressedEdwardsY}::identity,curve25519_dalek.edwards.CompressedEdwardsY.Insts.Curve25519_dalekTraitsIdentity.identity,curve25519-dalek/src/edwards.rs,L393-L398,,extracted,,,
curve25519_dalek::edwards::{subtle::ConstantTimeEq for curve25519_dalek::edwards::CompressedEdwardsY}::ct_eq,curve25519_dalek.edwards.CompressedEdwardsY.Insts.SubtleConstantTimeEq.ct_eq,curve25519-dalek/src/edwards.rs,L175-L177,,extracted,,,
curve25519_dalek::edwards::{curve25519_dalek::edwards::CompressedEdwardsY}::as_bytes,curve25519_dalek.edwards.CompressedEdwardsY.as_bytes,curve25519-dalek/src/edwards.rs,L188-L190,Curve25519Dalek/Specs/Edwards/CompressedEdwardsY/AsBytes.lean,extracted,verified,,theo - GPT-5-mini - 07/11/2025
curve25519_dalek::edwards::{curve25519_dalek::edwards::CompressedEdwardsY}::decompress,curve25519_dalek.edwards.CompressedEdwardsY.decompress,curve25519-dalek/src/edwards.rs,L201-L209,Curve25519Dalek/Specs/Edwards/CompressedEdwardsY/Decompress.lean,extracted,specified,,
curve25519_dalek::edwards::{curve25519_dalek::edwards::CompressedEdwardsY}::from_slice,curve25519_dalek.edwards.CompressedEdwardsY.from_slice,curve25519-dalek/src/edwards.rs,L414-L417,,extracted,,,
curve25519_dalek::edwards::{core::cmp::PartialEq<curve25519_dalek::edwards::EdwardsPoint> for curve25519_dalek::edwards::EdwardsPoint}::eq,curve25519_dalek.edwards.EdwardsPoint.Insts.CoreCmpPartialEqEdwardsPoint.eq,curve25519-dalek/src/edwards.rs,L507-L509,,extracted,,,
curve25519_dalek::edwards::{curve25519_dalek::traits::Identity for curve25519_dalek::edwards::EdwardsPoint}::identity,curve25519_dalek.edwards.EdwardsPoint.Insts.Curve25519_dalekTraitsIdentity.identity,curve25519-dalek/src/edwards.rs,L421-L428,Curve25519Dalek/Specs/Edwards/EdwardsPoint/Identity.lean,extracted,verified,,
curve25519_dalek::edwards::{subtle::ConditionallySelectable for curve25519_dalek::edwards::EdwardsPoint}::conditional_select,curve25519_dalek.edwards.EdwardsPoint.Insts.SubtleConditionallySelectable.conditional_select,curve25519-dalek/src/edwards.rs,L479-L486,,extracted,,,
curve25519_dalek::edwards::{subtle::ConstantTimeEq for curve25519_dalek::edwards::EdwardsPoint}::ct_eq,curve25519_dalek.edwards.EdwardsPoint.Insts.SubtleConstantTimeEq.ct_eq,curve25519-dalek/src/edwards.rs,L494-L503,Curve25519Dalek/Specs/Edwards/EdwardsPoint/CtEq.lean,extracted,verified,,
curve25519_dalek::edwards::{curve25519_dalek::edwards::EdwardsPoint}::as_affine_niels,curve25519_dalek.edwards.EdwardsPoint.as_affine_niels,curve25519-dalek/src/edwards.rs,L543-L553,,extracted,,,
curve25519_dalek::edwards::{curve25519_dalek::edwards::EdwardsPoint}::as_projective,curve25519_dalek.edwards.EdwardsPoint.as_projective,curve25519-dalek/src/edwards.rs,L533-L539,Curve25519Dalek/Specs/Edwards/EdwardsPoint/AsProjective.lean,extracted,verified,,theo - GPT-5-mini - 07/11/2025
curve25519_dalek::edwards::{curve25519_dalek::edwards::EdwardsPoint}::as_projective_niels,curve25519_dalek.edwards.EdwardsPoint.as_projective_niels,curve25519-dalek/src/edwards.rs,L520-L527,Curve25519Dalek/Specs/Edwards/EdwardsPoint/AsProjectiveNiels.lean,extracted,verified,,
curve25519_dalek::edwards::{curve25519_dalek::edwards::EdwardsPoint}::compress,curve25519_dalek.edwards.EdwardsPoint.compress,curve25519-dalek/src/edwards.rs,L607-L609,Curve25519Dalek/Specs/Edwards/EdwardsPoint/Compress.lean,extracted,specified,,
curve25519_dalek::edwards::{curve25519_dalek::edwards::EdwardsPoint}::double,curve25519_dalek.edwards.EdwardsPoint.double,curve25519-dalek/src/edwards.rs,L745-L747,Curve25519Dalek/Specs/Edwards/EdwardsPoint/Double.lean,extracted,specified,,
curve25519_dalek::edwards::{curve25519_dalek::edwards::EdwardsPoint}::is_small_order,curve25519_dalek.edwards.EdwardsPoint.is_small_order,curve25519-dalek/src/edwards.rs,L1367-L1369,Curve25519Dalek/Specs/Edwards/EdwardsPoint/IsSmallOrder.lean,extracted,verified,,
curve25519_dalek::edwards::{curve25519_dalek::edwards::EdwardsPoint}::is_torsion_free,curve25519_dalek.edwards.EdwardsPoint.is_torsion_free,curve25519-dalek/src/edwards.rs,L1397-L1399,,extracted,,,
curve25519_dalek::edwards::{curve25519_dalek::edwards::EdwardsPoint}::mul_base,curve25519_dalek.edwards.EdwardsPoint.mul_base,curve25519-dalek/src/edwards.rs,L877-L887,Curve25519Dalek/Specs/Edwards/EdwardsPoint/MulBase.lean,extracted,specified,,
curve25519_dalek::edwards::{curve25519_dalek::edwards::EdwardsPoint}::mul_base_clamped,curve25519_dalek.edwards.EdwardsPoint.mul_base_clamped,curve25519-dalek/src/edwards.rs,L907-L915,Curve25519Dalek/Specs/Edwards/EdwardsPoint/MulBaseClamped.lean,extracted,verified,,
curve25519_dalek::edwards::{curve25519_dalek::edwards::EdwardsPoint}::mul_by_cofactor,curve25519_dalek.edwards.EdwardsPoint.mul_by_cofactor,curve25519-dalek/src/edwards.rs,L1325-L1327,Curve25519Dalek/Specs/Edwards/EdwardsPoint/MulByCofactor.lean,extracted,verified,,
curve25519_dalek::edwards::{curve25519_dalek::edwards::EdwardsPoint}::mul_by_pow_2,curve25519_dalek.edwards.EdwardsPoint.mul_by_pow_2,curve25519-dalek/src/edwards.rs,L1330-L1342,Curve25519Dalek/Specs/Edwards/EdwardsPoint/MulByPow2.lean,extracted,specified,,
curve25519_dalek::edwards::{curve25519_dalek::edwards::EdwardsPoint}::mul_clamped,curve25519_dalek.edwards.EdwardsPoint.mul_clamped,curve25519-dalek/src/edwards.rs,L891-L903,,extracted,,,
curve25519_dalek::edwards::{curve25519_dalek::edwards::EdwardsPoint}::to_affine,curve25519_dalek.edwards.EdwardsPoint.to_affine,curve25519-dalek/src/edwards.rs,L556-L561,Curve25519Dalek/Specs/Edwards/EdwardsPoint/ToAffine.lean,extracted,verified,,
curve25519_dalek::edwards::{curve25519_dalek::edwards::EdwardsPoint}::to_montgomery,curve25519_dalek.edwards.EdwardsPoint.to_montgomery,curve25519-dalek/src/edwards.rs,L572-L582,Curve25519Dalek/Specs/Edwards/EdwardsPoint/ToMontgomery.lean,extracted,specified,,
curve25519_dalek::edwards::affine::{core::cmp::PartialEq<curve25519_dalek::edwards::affine::AffinePoint> for curve25519_dalek::edwards::affine::AffinePoint}::eq,curve25519_dalek.edwards.affine.AffinePoint.Insts.CoreCmpPartialEqAffinePoint.eq,curve25519-dalek/src/edwards/affine.rs,L48-L50,,extracted,,,
curve25519_dalek::edwards::affine::{curve25519_dalek::traits::Identity for curve25519_dalek::edwards::affine::AffinePoint}::identity,curve25519_dalek.edwards.affine.AffinePoint.Insts.Curve25519_dalekTraitsIdentity.identity,curve25519-dalek/src/edwards/affine.rs,L39-L44,,extracted,,,
curve25519_dalek::edwards::affine::{subtle::ConditionallySelectable for curve25519_dalek::edwards::affine::AffinePoint}::conditional_select,curve25519_dalek.edwards.affine.AffinePoint.Insts.SubtleConditionallySelectable.conditional_select,curve25519-dalek/src/edwards/affine.rs,L24-L29,,extracted,,,
curve25519_dalek::edwards::affine::{subtle::ConstantTimeEq for curve25519_dalek::edwards::affine::AffinePoint}::ct_eq,curve25519_dalek.edwards.affine.AffinePoint.Insts.SubtleConstantTimeEq.ct_eq,curve25519-dalek/src/edwards/affine.rs,L18-L20,,extracted,,,
curve25519_dalek::edwards::affine::{curve25519_dalek::edwards::affine::AffinePoint}::compress,curve25519_dalek.edwards.affine.AffinePoint.compress,curve25519-dalek/src/edwards/affine.rs,L71-L75,Curve25519Dalek/Specs/Edwards/Affine/AffinePoint/Compress.lean,extracted,specified,,
curve25519_dalek::edwards::affine::{curve25519_dalek::edwards::affine::AffinePoint}::to_edwards,curve25519_dalek.edwards.affine.AffinePoint.to_edwards,curve25519-dalek/src/edwards/affine.rs,L60-L67,,extracted,,,
curve25519_dalek::edwards::decompress::step_1,curve25519_dalek.edwards.decompress.step_1,curve25519-dalek/src/edwards.rs,L216-L227,Curve25519Dalek/Specs/Edwards/Decompress/Step1.lean,extracted,,,
curve25519_dalek::edwards::decompress::step_2,curve25519_dalek.edwards.decompress.step_2,curve25519-dalek/src/edwards.rs,L230-L248,Curve25519Dalek/Specs/Edwards/Decompress/Step2.lean,extracted,,,
curve25519_dalek::field::{curve25519_dalek::backend::serial::u64::field::FieldElement51}::invert,curve25519_dalek.field.FieldElement51.invert,curve25519-dalek/src/field.rs,L254-L263,Curve25519Dalek/Specs/Field/FieldElement51/Invert.lean,extracted,verified,,
curve25519_dalek::field::{curve25519_dalek::backend::serial::u64::field::FieldElement51}::invsqrt,curve25519_dalek.field.FieldElement51.invsqrt,curve25519-dalek/src/field.rs,L352-L354,Curve25519Dalek/Specs/Field/FieldElement51/InvSqrt.lean,extracted,verified,,
curve25519_dalek::field::{curve25519_dalek::backend::serial::u64::field::FieldElement51}::is_negative,curve25519_dalek.field.FieldElement51.is_negative,curve25519-dalek/src/field.rs,L149-L152,Curve25519Dalek/Specs/Field/FieldElement51/IsNegative.lean,extracted,verified,,
curve25519_dalek::field::{curve25519_dalek::backend::serial::u64::field::FieldElement51}::is_zero,curve25519_dalek.field.FieldElement51.is_zero,curve25519-dalek/src/field.rs,L159-L164,Curve25519Dalek/Specs/Field/FieldElement51/IsZero.lean,extracted,verified,,
curve25519_dalek::field::{curve25519_dalek::backend::serial::u64::field::FieldElement51}::pow22501,curve25519_dalek.field.FieldElement51.pow22501,curve25519-dalek/src/field.rs,L169-L203,Curve25519Dalek/Specs/Field/FieldElement51/Pow22501.lean,extracted,specified,,
curve25519_dalek::field::{curve25519_dalek::backend::serial::u64::field::FieldElement51}::pow_p58,curve25519_dalek.field.FieldElement51.pow_p58,curve25519-dalek/src/field.rs,L268-L277,Curve25519Dalek/Specs/Field/FieldElement51/PowP58.lean,extracted,verified,,
curve25519_dalek::field::{curve25519_dalek::backend::serial::u64::field::FieldElement51}::sqrt_ratio_i,curve25519_dalek.field.FieldElement51.sqrt_ratio_i,curve25519-dalek/src/field.rs,L291-L338,Curve25519Dalek/Specs/Field/FieldElement51/SqrtRatioi.lean,extracted,verified,,
curve25519_dalek::montgomery::{core::cmp::PartialEq<curve25519_dalek::montgomery::MontgomeryPoint> for curve25519_dalek::montgomery::MontgomeryPoint}::eq,curve25519_dalek.montgomery.MontgomeryPoint.Insts.CoreCmpPartialEqMontgomeryPoint.eq,curve25519-dalek/src/montgomery.rs,L94-L96,Curve25519Dalek/Specs/Montgomery/MontgomeryPoint/Eq.lean,extracted,verified,,
curve25519_dalek::montgomery::{core::ops::arith::MulAssign<&0 (curve25519_dalek::scalar::Scalar)> for curve25519_dalek::montgomery::MontgomeryPoint}::mul_assign,curve25519_dalek.montgomery.MontgomeryPoint.Insts.CoreOpsArithMulAssignShared0Scalar.mul_assign,curve25519-dalek/src/montgomery.rs,L455-L457,Curve25519Dalek/Specs/Montgomery/MontgomeryPoint/MulAssign.lean,extracted,verified,,
curve25519_dalek::montgomery::{curve25519_dalek::traits::Identity for curve25519_dalek::montgomery::MontgomeryPoint}::identity,curve25519_dalek.montgomery.MontgomeryPoint.Insts.Curve25519_dalekTraitsIdentity.identity,curve25519-dalek/src/montgomery.rs,L114-L116,Curve25519Dalek/Specs/Montgomery/MontgomeryPoint/Identity.lean,extracted,verified,,
curve25519_dalek::montgomery::{subtle::ConditionallySelectable for curve25519_dalek::montgomery::MontgomeryPoint}::conditional_select,curve25519_dalek.montgomery.MontgomeryPoint.Insts.SubtleConditionallySelectable.conditional_select,curve25519-dalek/src/montgomery.rs,L88-L90,Curve25519Dalek/Specs/Montgomery/MontgomeryPoint/ConditionalSelect.lean,extracted,verified,,
curve25519_dalek::montgomery::{subtle::ConstantTimeEq for curve25519_dalek::montgomery::MontgomeryPoint}::ct_eq,curve25519_dalek.montgomery.MontgomeryPoint.Insts.SubtleConstantTimeEq.ct_eq,curve25519-dalek/src/montgomery.rs,L79-L84,Curve25519Dalek/Specs/Montgomery/MontgomeryPoint/CtEq.lean,extracted,verified,,
curve25519_dalek::montgomery::{curve25519_dalek::montgomery::MontgomeryPoint}::as_bytes,curve25519_dalek.montgomery.MontgomeryPoint.as_bytes,curve25519-dalek/src/montgomery.rs,L199-L201,Curve25519Dalek/Specs/Montgomery/MontgomeryPoint/AsBytes.lean,extracted,verified,,
curve25519_dalek::montgomery::{curve25519_dalek::montgomery::MontgomeryPoint}::mul_base,curve25519_dalek.montgomery.MontgomeryPoint.mul_base,curve25519-dalek/src/montgomery.rs,L128-L130,Curve25519Dalek/Specs/Montgomery/MontgomeryPoint/MulBase.lean,extracted,verified,,
curve25519_dalek::montgomery::{curve25519_dalek::montgomery::MontgomeryPoint}::mul_base_clamped,curve25519_dalek.montgomery.MontgomeryPoint.mul_base_clamped,curve25519-dalek/src/montgomery.rs,L150-L158,Curve25519Dalek/Specs/Montgomery/MontgomeryPoint/MulBaseClamped.lean,extracted,verified,,
curve25519_dalek::montgomery::{curve25519_dalek::montgomery::MontgomeryPoint}::mul_clamped,curve25519_dalek.montgomery.MontgomeryPoint.mul_clamped,curve25519-dalek/src/montgomery.rs,L134-L146,Curve25519Dalek/Specs/Montgomery/MontgomeryPoint/MulClamped.lean,extracted,verified,,
curve25519_dalek::montgomery::{curve25519_dalek::montgomery::MontgomeryPoint}::to_bytes,curve25519_dalek.montgomery.MontgomeryPoint.to_bytes,curve25519-dalek/src/montgomery.rs,L204-L206,Curve25519Dalek/Specs/Montgomery/MontgomeryPoint/ToBytes.lean,extracted,verified,,
curve25519_dalek::montgomery::{curve25519_dalek::montgomery::MontgomeryPoint}::to_edwards,curve25519_dalek.montgomery.MontgomeryPoint.to_edwards,curve25519-dalek/src/montgomery.rs,L224-L253,Curve25519Dalek/Specs/Montgomery/MontgomeryPoint/ToEdwards.lean,extracted,specified,,
curve25519_dalek::montgomery::{subtle::ConditionallySelectable for curve25519_dalek::montgomery::ProjectivePoint}::conditional_select,curve25519_dalek.montgomery.ProjectivePoint.Insts.SubtleConditionallySelectable.conditional_select,curve25519-dalek/src/montgomery.rs,L312-L321,Curve25519Dalek/Specs/Montgomery/ProjectivePoint/ConditionalSelect.lean,extracted,verified,,
curve25519_dalek::montgomery::{curve25519_dalek::montgomery::ProjectivePoint}::as_affine,curve25519_dalek.montgomery.ProjectivePoint.as_affine,curve25519-dalek/src/montgomery.rs,L331-L334,,extracted,,,
curve25519_dalek::montgomery::differential_add_and_double,curve25519_dalek.montgomery.differential_add_and_double,curve25519-dalek/src/montgomery.rs,L352-L390,,extracted,,,
curve25519_dalek::montgomery::elligator_encode,curve25519_dalek.montgomery.elligator_encode,curve25519-dalek/src/montgomery.rs,L263-L284,,extracted,,,
curve25519_dalek::ristretto::{curve25519_dalek::traits::Identity for curve25519_dalek::ristretto::CompressedRistretto}::identity,curve25519_dalek.ristretto.CompressedRistretto.Insts.Curve25519_dalekTraitsIdentity.identity,curve25519-dalek/src/ristretto.rs,L346-L348,,extracted,,,
curve25519_dalek::ristretto::{subtle::ConstantTimeEq for curve25519_dalek::ristretto::CompressedRistretto}::ct_eq,curve25519_dalek.ristretto.CompressedRistretto.Insts.SubtleConstantTimeEq.ct_eq,curve25519-dalek/src/ristretto.rs,L223-L225,,extracted,,,
curve25519_dalek::ristretto::{curve25519_dalek::ristretto::CompressedRistretto}::as_bytes,curve25519_dalek.ristretto.CompressedRistretto.as_bytes,curve25519-dalek/src/ristretto.rs,L235-L237,Curve25519Dalek/Specs/Ristretto/CompressedRistretto/AsBytes.lean,extracted,verified,,theo - GPT-5-mini - 07/11/2025
curve25519_dalek::ristretto::{curve25519_dalek::ristretto::CompressedRistretto}::decompress,curve25519_dalek.ristretto.CompressedRistretto.decompress,curve25519-dalek/src/ristretto.rs,L257-L271,Curve25519Dalek/Specs/Ristretto/CompressedRistretto/Decompress.lean,extracted,specified,,
curve25519_dalek::ristretto::{curve25519_dalek::ristretto::CompressedRistretto}::from_slice,curve25519_dalek.ristretto.CompressedRistretto.from_slice,curve25519-dalek/src/ristretto.rs,L245-L248,,extracted,,,
curve25519_dalek::ristretto::{curve25519_dalek::ristretto::CompressedRistretto}::to_bytes,curve25519_dalek.ristretto.CompressedRistretto.to_bytes,curve25519-dalek/src/ristretto.rs,L230-L232,Curve25519Dalek/Specs/Ristretto/CompressedRistretto/ToBytes.lean,extracted,verified,,theo - GPT-5-mini - 07/11/2025
curve25519_dalek::ristretto::{core::cmp::PartialEq<curve25519_dalek::ristretto::RistrettoPoint> for curve25519_dalek::ristretto::RistrettoPoint}::eq,curve25519_dalek.ristretto.RistrettoPoint.Insts.CoreCmpPartialEqRistrettoPoint.eq,curve25519-dalek/src/ristretto.rs,L859-L861,,extracted,,,
curve25519_dalek::ristretto::{curve25519_dalek::traits::Identity for curve25519_dalek::ristretto::RistrettoPoint}::identity,curve25519_dalek.ristretto.RistrettoPoint.Insts.Curve25519_dalekTraitsIdentity.identity,curve25519-dalek/src/ristretto.rs,L843-L845,,extracted,,,
curve25519_dalek::ristretto::{subtle::ConditionallySelectable for curve25519_dalek::ristretto::RistrettoPoint}::conditional_select,curve25519_dalek.ristretto.RistrettoPoint.Insts.SubtleConditionallySelectable.conditional_select,curve25519-dalek/src/ristretto.rs,L1192-L1198,,extracted,,,
curve25519_dalek::ristretto::{subtle::ConstantTimeEq for curve25519_dalek::ristretto::RistrettoPoint}::ct_eq,curve25519_dalek.ristretto.RistrettoPoint.Insts.SubtleConstantTimeEq.ct_eq,curve25519-dalek/src/ristretto.rs,L871-L878,,extracted,,,
curve25519_dalek::ristretto::{curve25519_dalek::ristretto::RistrettoPoint}::compress,curve25519_dalek.ristretto.RistrettoPoint.compress,curve25519-dalek/src/ristretto.rs,L498-L542,Curve25519Dalek/Specs/Ristretto/RistrettoPoint/Compress.lean,extracted,specified,,
curve25519_dalek::ristretto::{curve25519_dalek::ristretto::RistrettoPoint}::coset4,curve25519_dalek.ristretto.RistrettoPoint.coset4,curve25519-dalek/src/ristretto.rs,L659-L666,Curve25519Dalek/Specs/Ristretto/RistrettoPoint/Coset4.lean,extracted,verified,,
curve25519_dalek::ristretto::{curve25519_dalek::ristretto::RistrettoPoint}::elligator_ristretto_flavor,curve25519_dalek.ristretto.RistrettoPoint.elligator_ristretto_flavor,curve25519-dalek/src/ristretto.rs,L676-L728,Curve25519Dalek/Specs/Ristretto/RistrettoPoint/ElligatorRistrettoFlavor.lean,extracted,specified,,
curve25519_dalek::ristretto::{curve25519_dalek::ristretto::RistrettoPoint}::from_uniform_bytes,curve25519_dalek.ristretto.RistrettoPoint.from_uniform_bytes,curve25519-dalek/src/ristretto.rs,L823-L839,Curve25519Dalek/Specs/Ristretto/RistrettoPoint/FromUniformBytes.lean,extracted,specified,,
curve25519_dalek::ristretto::{curve25519_dalek::ristretto::RistrettoPoint}::mul_base,curve25519_dalek.ristretto.RistrettoPoint.mul_base,curve25519-dalek/src/ristretto.rs,L988-L998,Curve25519Dalek/Specs/Ristretto/RistrettoPoint/Mul_Base.lean,extracted,verified,,
curve25519_dalek::ristretto::decompress::step_1,curve25519_dalek.ristretto.decompress.step_1,curve25519-dalek/src/ristretto.rs,L277-L295,Curve25519Dalek/Specs/Ristretto/CompressedRistretto/Step1.lean,extracted,verified,,
curve25519_dalek::ristretto::decompress::step_2,curve25519_dalek.ristretto.decompress.step_2,curve25519-dalek/src/ristretto.rs,L297-L342,Curve25519Dalek/Specs/Ristretto/CompressedRistretto/Step2.lean,extracted,verified,,
curve25519_dalek::scalar::{core::cmp::PartialEq<curve25519_dalek::scalar::Scalar> for curve25519_dalek::scalar::Scalar}::eq,curve25519_dalek.scalar.Scalar.Insts.CoreCmpPartialEqScalar.eq,curve25519-dalek/src/scalar.rs,L295-L297,,extracted,,,
curve25519_dalek::scalar::{core::convert::From<u128> for curve25519_dalek::scalar::Scalar}::from,curve25519_dalek.scalar.Scalar.Insts.CoreConvertFromU128.from,curve25519-dalek/src/scalar.rs,L547-L552,,extracted,,,
curve25519_dalek::scalar::{core::convert::From<u16> for curve25519_dalek::scalar::Scalar}::from,curve25519_dalek.scalar.Scalar.Insts.CoreConvertFromU16.from,curve25519-dalek/src/scalar.rs,L499-L504,,extracted,,,
curve25519_dalek::scalar::{core::convert::From<u32> for curve25519_dalek::scalar::Scalar}::from,curve25519_dalek.scalar.Scalar.Insts.CoreConvertFromU32.from,curve25519-dalek/src/scalar.rs,L508-L513,,extracted,,,
curve25519_dalek::scalar::{core::convert::From<u64> for curve25519_dalek::scalar::Scalar}::from,curve25519_dalek.scalar.Scalar.Insts.CoreConvertFromU64.from,curve25519-dalek/src/scalar.rs,L538-L543,,extracted,,,
curve25519_dalek::scalar::{core::convert::From<u8> for curve25519_dalek::scalar::Scalar}::from,curve25519_dalek.scalar.Scalar.Insts.CoreConvertFromU8.from,curve25519-dalek/src/scalar.rs,L491-L495,,extracted,,,
curve25519_dalek::scalar::{core::ops::arith::MulAssign<&'a (curve25519_dalek::scalar::Scalar)> for curve25519_dalek::scalar::Scalar}::mul_assign,curve25519_dalek.scalar.Scalar.Insts.CoreOpsArithMulAssignSharedAScalar.mul_assign,curve25519-dalek/src/scalar.rs,L316-L318,,extracted,,,
curve25519_dalek::scalar::{subtle::ConditionallySelectable for curve25519_dalek::scalar::Scalar}::conditional_select,curve25519_dalek.scalar.Scalar.Insts.SubtleConditionallySelectable.conditional_select,curve25519-dalek/src/scalar.rs,L390-L397,,extracted,,,
curve25519_dalek::scalar::{subtle::ConstantTimeEq for curve25519_dalek::scalar::Scalar}::ct_eq,curve25519_dalek.scalar.Scalar.Insts.SubtleConstantTimeEq.ct_eq,curve25519-dalek/src/scalar.rs,L301-L303,Curve25519Dalek/Specs/Scalar/Scalar/CtEq.lean,extracted,verified,,
curve25519_dalek::scalar::{curve25519_dalek::scalar::Scalar}::ONE,curve25519_dalek.scalar.Scalar.ONE,curve25519-dalek/src/scalar.rs,L567-L572,Curve25519Dalek/Specs/Scalar/Scalar/One.lean,extracted,verified,,theo - GPT-5-mini - 07/11/2025
curve25519_dalek::scalar::{curve25519_dalek::scalar::Scalar}::ZERO,curve25519_dalek.scalar.Scalar.ZERO,curve25519-dalek/src/scalar.rs,L564-L564,Curve25519Dalek/Specs/Scalar/Scalar/Zero.lean,extracted,verified,,
curve25519_dalek::scalar::{curve25519_dalek::scalar::Scalar}::as_bytes,curve25519_dalek.scalar.Scalar.as_bytes,curve25519-dalek/src/scalar.rs,L706-L708,Curve25519Dalek/Specs/Scalar/Scalar/AsBytes.lean,extracted,verified,,theo - GPT-5-mini - 07/11/2025
curve25519_dalek::scalar::{curve25519_dalek::scalar::Scalar}::as_radix_16,curve25519_dalek.scalar.Scalar.as_radix_16,curve25519-dalek/src/scalar.rs,L995-L1031,,extracted,,,
curve25519_dalek::scalar::{curve25519_dalek::scalar::Scalar}::as_radix_2w,curve25519_dalek.scalar.Scalar.as_radix_2w,curve25519-dalek/src/scalar.rs,L1080-L1140,,extracted,,,
curve25519_dalek::scalar::{curve25519_dalek::scalar::Scalar}::batch_invert,curve25519_dalek.scalar.Scalar.batch_invert,curve25519-dalek/src/scalar.rs,L788-L845,,extracted,,,
curve25519_dalek::scalar::{curve25519_dalek::scalar::Scalar}::from_bytes_mod_order,curve25519_dalek.scalar.Scalar.from_bytes_mod_order,curve25519-dalek/src/scalar.rs,L237-L246,Curve25519Dalek/Specs/Scalar/Scalar/FromBytesModOrder.lean,extracted,verified,,
curve25519_dalek::scalar::{curve25519_dalek::scalar::Scalar}::from_bytes_mod_order_wide,curve25519_dalek.scalar.Scalar.from_bytes_mod_order_wide,curve25519-dalek/src/scalar.rs,L250-L252,Curve25519Dalek/Specs/Scalar/Scalar/FromBytesModOrderWide.lean,extracted,verified,,
curve25519_dalek::scalar::{curve25519_dalek::scalar::Scalar}::from_canonical_bytes,curve25519_dalek.scalar.Scalar.from_canonical_bytes,curve25519-dalek/src/scalar.rs,L261-L265,Curve25519Dalek/Specs/Scalar/Scalar/FromCanonicalBytes.lean,extracted,verified,,
curve25519_dalek::scalar::{curve25519_dalek::scalar::Scalar}::invert,curve25519_dalek.scalar.Scalar.invert,curve25519-dalek/src/scalar.rs,L747-L749,Curve25519Dalek/Specs/Scalar/Scalar/Invert.lean,extracted,verified,,
curve25519_dalek::scalar::{curve25519_dalek::scalar::Scalar}::is_canonical,curve25519_dalek.scalar.Scalar.is_canonical,curve25519-dalek/src/scalar.rs,L1158-L1160,Curve25519Dalek/Specs/Scalar/Scalar/IsCanonical.lean,extracted,verified,,
curve25519_dalek::scalar::{curve25519_dalek::scalar::Scalar}::non_adjacent_form,curve25519_dalek.scalar.Scalar.non_adjacent_form,curve25519-dalek/src/scalar.rs,L931-L983,,extracted,,,
curve25519_dalek::scalar::{curve25519_dalek::scalar::Scalar}::reduce,curve25519_dalek.scalar.Scalar.reduce,curve25519-dalek/src/scalar.rs,L1149-L1154,Curve25519Dalek/Specs/Scalar/Scalar/Reduce.lean,extracted,verified,,
curve25519_dalek::scalar::{curve25519_dalek::scalar::Scalar}::to_bytes,curve25519_dalek.scalar.Scalar.to_bytes,curve25519-dalek/src/scalar.rs,L691-L693,Curve25519Dalek/Specs/Scalar/Scalar/ToBytes.lean,extracted,verified,,theo - GPT-5-mini - 07/11/2025
curve25519_dalek::scalar::{curve25519_dalek::scalar::Scalar}::to_radix_2w_size_hint,curve25519_dalek.scalar.Scalar.to_radix_2w_size_hint,curve25519-dalek/src/scalar.rs,L1036-L1056,,extracted,,,
curve25519_dalek::scalar::{curve25519_dalek::scalar::Scalar}::unpack,curve25519_dalek.scalar.Scalar.unpack,curve25519-dalek/src/scalar.rs,L1143-L1145,Curve25519Dalek/Specs/Scalar/Scalar/Unpack.lean,extracted,verified,,
curve25519_dalek::scalar::{curve25519_dalek::backend::serial::u64::scalar::Scalar52}::invert,curve25519_dalek.scalar.Scalar52.invert,curve25519-dalek/src/scalar.rs,L1232-L1234,Curve25519Dalek/Specs/Backend/Serial/U64/Scalar/Scalar52/Invert.lean,extracted,verified,,
curve25519_dalek::scalar::{curve25519_dalek::backend::serial::u64::scalar::Scalar52}::montgomery_invert,curve25519_dalek.scalar.Scalar52.montgomery_invert,curve25519-dalek/src/scalar.rs,L1174-L1229,Curve25519Dalek/Specs/Backend/Serial/U64/Scalar/Scalar52/MontgomeryInvert.lean,extracted,verified,,
curve25519_dalek::scalar::{curve25519_dalek::backend::serial::u64::scalar::Scalar52}::pack,curve25519_dalek.scalar.Scalar52.pack,curve25519-dalek/src/scalar.rs,L1165-L1169,Curve25519Dalek/Specs/Backend/Serial/U64/Scalar/Scalar52/Pack.lean,extracted,verified,,theo - GPT-5-mini - 07/11/2025
curve25519_dalek::scalar::clamp_integer,curve25519_dalek.scalar.clamp_integer,curve25519-dalek/src/scalar.rs,L1415-L1420,Curve25519Dalek/Specs/Scalar/ClampInteger.lean,extracted,verified,,
curve25519_dalek::scalar::read_le_u64_into,curve25519_dalek.scalar.read_le_u64_into,curve25519-dalek/src/scalar.rs,L1376-L1393,Curve25519Dalek/Specs/Scalar/ReadLeU64Into.lean,extracted,,,
curve25519_dalek::traits::{curve25519_dalek::traits::IsIdentity for T}::is_identity,curve25519_dalek.traits.IsIdentity.Blanket.is_identity,curve25519-dalek/src/traits.rs,L45-L47,,extracted,,,
curve25519_dalek::window::{core::convert::From<&'a (curve25519_dalek::edwards::EdwardsPoint)> for curve25519_dalek::window::LookupTable<curve25519_dalek::backend::serial::curve_models::ProjectiveNielsPoint>}::from,curve25519_dalek.window.LookupTableProjectiveNielsPoint.Insts.CoreConvertFromSharedAEdwardsPoint.from,curve25519-dalek/src/window.rs,L100-L106,,extracted,,,
